run,task,seed,gate
u1,pass,0,0.25427
u1,pass,1,0.222287
u1,pass,2,0.241777
u1,pass,3,0.229755
u1,dest,0,0.825582
u1,dest,1,0.781674
u1,dest,2,0.811482
u1,dest,3,0.80024
u1,shot,0,0.372233
u1,shot,1,0.534042
u1,shot,2,0.427775
u1,shot,3,0.437694
u1,interception,0,0.412601
u1,interception,1,0.377802
u1,interception,2,0.453649
u1,interception,3,0.413348
u1,ball_recovery,0,0.156648
u1,ball_recovery,1,0.185902
u1,ball_recovery,2,0.194279
u1,ball_recovery,3,0.215778
u1,pressure,0,0.312221
u1,pressure,1,0.320761
u1,pressure,2,0.230884
u1,pressure,3,0.256611
u1,dribble,0,0.322558
u1,dribble,1,0.310422
u1,dribble,2,0.348074
u1,dribble,3,0.287668
u1,tackle,0,0.428996
u1,tackle,1,0.394218
u1,tackle,2,0.410127
u1,tackle,3,0.371036
shuf_dest,pass,0,0.342326
shuf_dest,pass,1,0.39118
shuf_dest,pass,2,0.365705
shuf_dest,dest,0,0.271554
shuf_dest,dest,1,0.241228
shuf_dest,dest,2,0.27847
shuf_dest,shot,0,0.367269
shuf_dest,shot,1,0.326098
shuf_dest,shot,2,0.392135
shuf_dest,interception,0,0.452288
shuf_dest,interception,1,0.511964
shuf_dest,interception,2,0.392681
shuf_dest,ball_recovery,0,0.347473
shuf_dest,ball_recovery,1,0.307579
shuf_dest,ball_recovery,2,0.32546
shuf_dest,pressure,0,0.438771
shuf_dest,pressure,1,0.438072
shuf_dest,pressure,2,0.381071
shuf_dest,dribble,0,0.451437
shuf_dest,dribble,1,0.485625
shuf_dest,dribble,2,0.393641
shuf_dest,tackle,0,0.425945
shuf_dest,tackle,1,0.533283
shuf_dest,tackle,2,0.407674
shuf_tackle,pass,0,0.235173
shuf_tackle,pass,1,0.193536
shuf_tackle,pass,2,0.238694
shuf_tackle,dest,0,0.785566
shuf_tackle,dest,1,0.792898
shuf_tackle,dest,2,0.787397
shuf_tackle,shot,0,0.413528
shuf_tackle,shot,1,0.562243
shuf_tackle,shot,2,0.386551
shuf_tackle,interception,0,0.329877
shuf_tackle,interception,1,0.299316
shuf_tackle,interception,2,0.348516
shuf_tackle,ball_recovery,0,0.123884
shuf_tackle,ball_recovery,1,0.155858
shuf_tackle,ball_recovery,2,0.153633
shuf_tackle,pressure,0,0.278538
shuf_tackle,pressure,1,0.269031
shuf_tackle,pressure,2,0.224981
shuf_tackle,dribble,0,0.220401
shuf_tackle,dribble,1,0.25462
shuf_tackle,dribble,2,0.248724
shuf_tackle,tackle,0,0.181324
shuf_tackle,tackle,1,0.133457
shuf_tackle,tackle,2,0.180519
