text,value
0.264,0.26375055809815723
0.805,0.8047446012496948
0.362,0.3618343770503998
0.443,0.44293613731861115
0.414,0.4143499732017517
0.452,0.4523112972577413
0.401,0.4010941609740257
0.456,0.4556337793668111
0.317,0.3171805515885353
0.444,0.4435674746831258
0.280,0.2801194041967392
0.419,0.4193044900894165
0.237,0.2370220050215721
0.366,0.3664036691188812
0.188,0.1881517842411995
0.327,0.32683732112248737
0.789,0.7886204520861307
0.805,0.8047446012496948
0.443,0.44293613731861115
0.454,0.45410699645678204
0.326,0.32590314745903015
0.414,0.4143499732017517
0.165,0.16509999334812164
0.401,0.4010941609740257
0.241,0.24124831954638162
0.317,0.3171805515885353
0.258,0.257517009973526
0.280,0.2801194041967392
0.222,0.2224674473206202
0.237,0.2370220050215721
0.144,0.1444582318266233
0.188,0.1881517842411995
