group,task,seed,cnn_minus_xgb
Thin scalars,pass,0,-0.005007
Thin scalars,pass,1,-0.005288
Thin scalars,pass,2,-0.004491
Thin scalars,pass,3,-0.005771
Thin scalars,pass,4,-0.004656
Thin scalars,shot,0,0.002726
Thin scalars,shot,1,0.001662
Thin scalars,shot,2,0.001226
Thin scalars,shot,3,0.00116
Thin scalars,shot,4,-0.001061
Thin scalars,interception,0,0.022948
Thin scalars,interception,1,0.002984
Thin scalars,interception,2,0.02343
Thin scalars,interception,3,0.021016
Thin scalars,interception,4,0.009094
Thin scalars,ball_recovery,0,-0.000232
Thin scalars,ball_recovery,1,0.001238
Thin scalars,ball_recovery,2,0.007311
Thin scalars,ball_recovery,3,0.004709
Thin scalars,ball_recovery,4,0.002052
Thin scalars,pressure,0,0.023738
Thin scalars,pressure,1,0.027492
Thin scalars,pressure,2,0.025212
Thin scalars,pressure,3,0.026682
Thin scalars,pressure,4,0.026756
Thin scalars,dribble,0,0.008521
Thin scalars,dribble,1,0.004506
Thin scalars,dribble,2,0.010523
Thin scalars,dribble,3,0.013257
Thin scalars,dribble,4,0.008517
Thin scalars,tackle,0,0.006271
Thin scalars,tackle,1,0.006022
Thin scalars,tackle,2,0.001635
Thin scalars,tackle,3,-0.0002
Thin scalars,tackle,4,0.006386
Enriched scalars,pass,0,-0.007165
Enriched scalars,pass,1,-0.007116
Enriched scalars,pass,2,-0.006788
Enriched scalars,shot,0,0.001166
Enriched scalars,shot,1,0.003427
Enriched scalars,shot,2,0.003355
Enriched scalars,interception,0,0.014348
Enriched scalars,interception,1,0.009809
Enriched scalars,interception,2,0.003604
Enriched scalars,ball_recovery,0,0.002423
Enriched scalars,ball_recovery,1,0.000432
Enriched scalars,ball_recovery,2,0.001501
Enriched scalars,pressure,0,0.001572
Enriched scalars,pressure,1,0.000647
Enriched scalars,pressure,2,0.002239
Enriched scalars,dribble,0,0.005137
Enriched scalars,dribble,1,-0.000928
Enriched scalars,dribble,2,0.004407
Enriched scalars,tackle,0,0.005771
Enriched scalars,tackle,1,0.003862
Enriched scalars,tackle,2,0.002065
