setting,step,seed,lam,quantity,value
rich,explore,0,0,outcome_gate,0.304
rich,explore,0,0,dest_gate,0.801
rich,explore,0,0,drop_all,0.0626
rich,explore,0,0,gate_zero,0.0314
rich,explore,0,0.01,outcome_gate,0.103
rich,explore,0,0.01,dest_gate,0.659
rich,explore,0,0.01,drop_all,0.0537
rich,explore,0,0.01,gate_zero,0.0288
rich,explore,0,0.03,outcome_gate,0.027
rich,explore,0,0.03,dest_gate,0.473
rich,explore,0,0.03,drop_all,0.0421
rich,explore,0,0.03,gate_zero,0.0179
rich,confirm,1,0.01,outcome_gate,0.093
rich,confirm,1,0.01,dest_gate,0.593
rich,confirm,1,0.01,drop_all,0.0643
rich,confirm,1,0.01,gate_zero,0.0428
rich,confirm,2,0.01,outcome_gate,0.08
rich,confirm,2,0.01,dest_gate,0.6
rich,confirm,2,0.01,drop_all,0.0448
rich,confirm,2,0.01,gate_zero,0.028
rich,confirm,3,0.01,outcome_gate,0.112
rich,confirm,3,0.01,dest_gate,0.681
rich,confirm,3,0.01,drop_all,0.0542
rich,confirm,3,0.01,gate_zero,0.0287
thin,explore,0,0,outcome_gate,0.323
thin,explore,0,0,dest_gate,0.826
thin,explore,0,0.01,outcome_gate,0.106
thin,explore,0,0.01,dest_gate,0.697
thin,explore,0,0.01,drop_all,0.0718
thin,explore,0,0.01,gate_zero,0.0411
thin,explore,0,0.03,outcome_gate,0.04
thin,explore,0,0.03,dest_gate,0.404
thin,confirm,1,0.01,outcome_gate,0.113
thin,confirm,1,0.01,dest_gate,0.674
thin,confirm,1,0.01,drop_all,0.0759
thin,confirm,1,0.01,gate_zero,0.0589
thin,confirm,2,0.01,outcome_gate,0.112
thin,confirm,2,0.01,dest_gate,0.678
thin,confirm,2,0.01,drop_all,0.0657
thin,confirm,2,0.01,gate_zero,0.0473
thin,confirm,3,0.01,outcome_gate,0.087
thin,confirm,3,0.01,dest_gate,0.661
thin,confirm,3,0.01,drop_all,0.0723
thin,confirm,3,0.01,gate_zero,0.0436
