run,seed,task,gate,drop_players
u1,3,pass,0.229755,0.012438
u1,3,dest,0.80024,0.125715
u1,3,shot,0.437694,0.011602
u1,3,interception,0.413348,0.036773
u1,3,ball_recovery,0.215778,0.027003
u1,3,pressure,0.256611,0.090866
u1,3,dribble,0.287668,0.053742
u1,3,tackle,0.371036,0.044408
u1rich,0,pass,0.247134,0.005322
u1rich,0,dest,0.801475,0.062905
u1rich,0,shot,0.399146,0.007319
u1rich,0,interception,0.414204,0.011697
u1rich,0,ball_recovery,0.135503,0.009326
u1rich,0,pressure,0.287752,0.040908
u1rich,0,dribble,0.237267,0.014797
u1rich,0,tackle,0.409421,0.017927
u1rich,1,pass,0.206593,0.005409
u1rich,1,dest,0.722433,0.095104
u1rich,1,shot,0.456378,0.013507
u1rich,1,interception,0.292164,0.019149
u1rich,1,ball_recovery,0.156879,0.009395
u1rich,1,pressure,0.297872,0.04998
u1rich,1,dribble,0.231486,0.013157
u1rich,1,tackle,0.268352,0.019978
u1rich,2,pass,0.251382,0.003216
u1rich,2,dest,0.738106,0.059287
u1rich,2,shot,0.330117,0.007171
u1rich,2,interception,0.459793,0.019136
u1rich,2,ball_recovery,0.19175,0.005055
u1rich,2,pressure,0.307086,0.018326
u1rich,2,dribble,0.238153,0.014231
u1rich,2,tackle,0.425324,0.01878
u1rich,3,pass,0.202653,0.001582
u1rich,3,dest,0.74744,0.059016
u1rich,3,shot,0.475883,0.011016
u1rich,3,interception,0.384609,0.021194
u1rich,3,ball_recovery,0.190621,0.008861
u1rich,3,pressure,0.264768,0.013929
u1rich,3,dribble,0.401548,0.017038
u1rich,3,tackle,0.38247,0.013987
u1_2ch,0,pass,0.326282,0.039296
u1_2ch,0,dest,0.644945,0.361801
u1_2ch,0,shot,0.473001,0.038907
u1_2ch,0,interception,0.423095,0.029028
u1_2ch,0,ball_recovery,0.282266,0.023619
u1_2ch,0,pressure,0.341379,0.076498
u1_2ch,0,dribble,0.279404,0.022936
u1_2ch,0,tackle,0.397164,0.028729
u1_2ch,1,pass,0.332518,0.039662
u1_2ch,1,dest,0.611876,0.325807
u1_2ch,1,shot,0.476853,0.05698
u1_2ch,1,interception,0.445322,0.0311
u1_2ch,1,ball_recovery,0.307554,0.026467
u1_2ch,1,pressure,0.41352,0.080522
u1_2ch,1,dribble,0.316729,0.039391
u1_2ch,1,tackle,0.435561,0.023084
u1_2ch,2,pass,0.341869,0.036855
u1_2ch,2,dest,0.630867,0.331627
u1_2ch,2,shot,0.419865,0.041476
u1_2ch,2,interception,0.422654,0.033792
u1_2ch,2,ball_recovery,0.368264,0.021558
u1_2ch,2,pressure,0.391758,0.078953
u1_2ch,2,dribble,0.368362,0.040929
u1_2ch,2,tackle,0.442296,0.023136
