group,fold,player_id,d32,n_test
All players,1,2948,-0.025664,551
All players,1,2954,0.003416,852
All players,1,3015,-0.026072,1150
All players,1,3023,0.003981,1110
All players,1,3027,-0.028177,493
All players,1,3042,0.014099,1323
All players,1,3043,0.000111,738
All players,1,3067,0.030989,911
All players,1,3076,-0.003335,668
All players,1,3083,-0.077716,951
All players,1,3086,-0.015377,731
All players,1,3088,0.003822,2859
All players,1,3089,0.010538,873
All players,1,3093,-0.013249,1705
All players,1,3097,-0.002152,2904
All players,1,3167,0.013111,1595
All players,1,3193,-0.003767,1704
All players,1,3198,0.052856,659
All players,1,3202,0.006672,452
All players,1,3205,-0.003212,2060
All players,1,3233,-0.003067,674
All players,1,3236,-0.050763,906
All players,1,3244,-0.006146,769
All players,1,3265,0.031921,333
All players,1,3269,0.022585,957
All players,1,3272,0.007256,752
All players,1,3273,-0.013994,479
All players,1,3292,-0.004347,812
All players,1,3295,-0.007602,2017
All players,1,3306,-0.024754,1658
All players,1,3308,0.005349,1779
All players,1,3313,0.013828,457
All players,1,3318,-0.013567,649
All players,1,3328,0.009911,1488
All players,1,3331,0.009041,489
All players,1,3336,-0.031985,942
All players,1,3378,0.004198,1254
All players,1,3382,-0.007822,538
All players,1,3404,-0.00319,564
All players,1,3436,-6e-05,824
All players,1,3443,-0.006086,789
All players,1,3450,-0.019564,827
All players,1,3456,0.001601,963
All players,1,3458,0.006387,416
All players,1,3468,0.006522,1027
All players,1,3472,0.001657,1021
All players,1,3473,-0.000653,503
All players,1,3477,-0.013437,340
All players,1,3481,-0.004305,396
All players,1,3495,-0.029943,1138
All players,1,3502,-0.016788,508
All players,1,3515,-0.016172,634
All players,1,3520,-0.017792,309
All players,1,3523,-0.009306,1120
All players,1,3531,-0.002507,908
All players,1,3569,-0.030924,466
All players,1,3570,0.019882,1287
All players,1,3575,-0.00016,1384
All players,1,3606,-0.006264,696
All players,1,3612,-0.028894,843
All players,1,3614,0.00244,453
All players,1,3615,0.008103,1301
All players,1,3620,-0.030951,596
All players,1,3628,-0.002719,1346
All players,1,3647,-0.006648,989
All players,1,3655,0.001226,1273
All players,1,3663,0.020201,577
All players,1,3664,-0.006644,1778
All players,1,3669,0.001116,2561
All players,1,3687,-0.019991,417
All players,1,3690,-0.036685,824
All players,1,3702,-0.012232,751
All players,1,3721,-8e-06,753
All players,1,3798,-0.005284,415
All players,1,3804,0.011568,1095
All players,1,3822,-0.019036,1800
All players,1,3834,-0.024223,382
All players,1,3864,-0.012469,1380
All players,1,3943,0.006331,2096
All players,1,3951,-0.019147,1344
All players,1,3957,0.002006,909
All players,1,3959,-0.028284,1405
All players,1,4031,0.005385,1147
All players,1,4073,0.027456,311
All players,1,4111,-1e-06,809
All players,1,4127,0.026863,784
All players,1,4239,0.014291,741
All players,1,4267,-0.006265,489
All players,1,4345,0.012794,1124
All players,1,4349,-0.022729,928
All players,1,4354,-0.015289,1640
All players,1,4355,-0.011938,1392
All players,1,4385,-0.007776,1671
All players,1,4433,-0.01343,921
All players,1,4445,-0.00365,2409
All players,1,4546,-0.019506,859
All players,1,4588,-0.015352,797
All players,1,4590,-0.032449,516
All players,1,4610,-0.002589,1216
All players,1,4614,0.007261,1656
All players,1,4734,-0.009809,1035
All players,1,4760,0.000506,543
All players,1,4767,0.020667,304
All players,1,4870,0.007147,870
All players,1,4926,-0.009216,1361
All players,1,4935,0.002765,695
All players,1,5109,0.009067,965
All players,1,5111,0.005295,1117
All players,1,5199,-0.000357,2086
All players,1,5200,-0.002545,966
All players,1,5202,-0.010551,1120
All players,1,5204,-0.032965,1947
All players,1,5206,-0.002753,2395
All players,1,5214,-0.003408,583
All players,1,5217,-0.004077,1205
All players,1,5259,-0.009349,591
All players,1,5260,-0.00867,738
All players,1,5456,0.011892,1417
All players,1,5463,-0.006035,1531
All players,1,5470,-0.01246,988
All players,1,5485,0.013206,660
All players,1,5487,0.007575,1279
All players,1,5523,-0.020935,652
All players,1,5537,-0.002248,1884
All players,1,5539,-0.007867,1284
All players,1,5547,-0.003052,849
All players,1,5549,0.003226,2083
All players,1,5574,-0.01204,2278
All players,1,5642,-0.013608,1622
All players,1,5668,0.000429,553
All players,1,5678,-0.002618,1137
All players,1,5691,0.001857,1039
All players,1,5721,-0.005896,1254
All players,1,6374,-0.00037,1535
All players,1,6376,-0.004988,885
All players,1,6377,-0.004382,493
All players,1,6378,0.020076,623
All players,1,6379,-0.019135,597
All players,1,6381,-0.022518,635
All players,1,6383,-0.004148,591
All players,1,6392,-0.0124,1102
All players,1,6393,-0.000968,915
All players,1,6395,0.003684,329
All players,1,6397,0.007114,1415
All players,1,6406,-0.002258,1927
All players,1,6409,-0.000356,797
All players,1,6555,0.009072,486
All players,1,6561,-0.001412,307
All players,1,6564,-0.019143,535
All players,1,6572,0.0057,485
All players,1,6574,-0.001829,1832
All players,1,6582,-0.001235,308
All players,1,6587,0.008313,674
All players,1,6590,0.00334,634
All players,1,6595,-0.006744,1620
All players,1,6596,0.011619,902
All players,1,6613,0.008384,475
All players,1,6616,0.011432,708
All players,1,6625,0.019631,524
All players,1,6627,0.006329,549
All players,1,6634,-0.007928,984
All players,1,6648,0.007812,627
All players,1,6649,0.005602,1333
All players,1,6665,0.005084,1020
All players,1,6667,0.007197,763
All players,1,6670,-0.011794,1146
All players,1,6676,0.004337,1529
All players,1,6679,0.001681,404
All players,1,6685,-0.007032,458
All players,1,6697,0.010433,512
All players,1,6710,-0.015384,837
All players,1,6712,0.002371,671
All players,1,6720,0.00164,865
All players,1,6722,0.011848,751
All players,1,6737,-0.001311,503
All players,1,6746,-0.004265,967
All players,1,6748,-0.001339,410
All players,1,6754,-0.019256,1372
All players,1,6761,0.010043,515
All players,1,6764,-0.003053,830
All players,1,6765,0.006067,3359
All players,1,6766,-0.005143,889
All players,1,6773,0.008132,1960
All players,1,6775,-0.010918,305
All players,1,6790,-0.002947,1699
All players,1,6799,-0.001669,1176
All players,1,6821,-0.007074,1116
All players,1,6826,0.01954,810
All players,1,6828,0.009776,709
All players,1,6834,-0.024133,1338
All players,1,6840,-0.027342,1120
All players,1,6842,0.008185,365
All players,1,6846,0.014198,1147
All players,1,6849,0.014203,1099
All players,1,6851,-0.003368,511
All players,1,6866,0.035854,1093
All players,1,6877,-0.003865,594
All players,1,6888,0.005788,2667
All players,1,6892,0.004198,1519
All players,1,6895,0.004543,1287
All players,1,6901,-0.041463,931
All players,1,6908,-0.015337,429
All players,1,6909,-0.015604,1021
All players,1,6989,-0.007114,1329
All players,1,7005,-0.012421,1627
All players,1,7022,-0.004739,844
All players,1,7024,-0.018516,724
All players,1,7030,0.003064,1043
All players,1,7064,0.013869,555
All players,1,7097,-0.002048,1336
All players,1,7161,-0.007812,1250
All players,1,7294,0.007359,427
All players,1,7478,0.002974,545
All players,1,7797,-0.000986,1422
All players,1,8063,0.005875,385
All players,1,8067,-0.002932,780
All players,1,8118,-0.015666,1534
All players,1,8214,0.00237,691
All players,1,8220,0.002551,792
All players,1,8247,0.009853,1892
All players,1,8252,0.00759,1871
All players,1,8489,-0.009513,399
All players,1,8819,0.01807,434
All players,1,8950,-0.036709,595
All players,1,8966,-0.017635,869
All players,1,9000,0.000629,802
All players,1,9026,-0.019888,661
All players,1,9540,0.003418,594
All players,1,9601,0.008922,994
All players,1,9616,-0.010876,560
All players,1,9638,0.003848,495
All players,1,9640,-0.006187,621
All players,1,9650,0.006434,1069
All players,1,9843,-0.002808,430
All players,1,9905,-0.007359,1351
All players,1,9923,-0.003308,439
All players,1,9925,0.000102,581
All players,1,9929,0.007863,375
All players,1,9934,0.008061,1334
All players,1,9938,-0.034206,748
All players,1,9974,-0.033704,1118
All players,1,10284,-0.00253,1175
All players,1,10287,0.001441,2317
All players,1,10481,-0.002041,1343
All players,1,10540,0.007482,784
All players,1,10544,-0.00528,310
All players,1,10595,-0.000146,645
All players,1,10848,-0.03032,352
All players,1,11012,0.008684,738
All players,1,11135,-0.014798,1302
All players,1,11292,0.012137,1955
All players,1,11300,-0.003165,1431
All players,1,11389,-0.00256,1261
All players,1,11538,-0.023224,418
All players,1,11539,-0.004056,829
All players,1,11540,-0.01142,734
All players,1,11669,-0.022546,434
All players,1,11675,0.018893,1082
All players,1,11678,-0.012983,424
All players,1,11746,-0.014597,1312
All players,1,11748,0.009608,798
All players,1,11936,-0.004114,662
All players,1,12021,-0.001413,817
All players,1,12041,0.013016,610
All players,1,12074,-0.014872,1264
All players,1,12111,-0.00641,983
All players,1,12149,-0.010131,1022
All players,1,12169,0.000909,1176
All players,1,12192,0.002169,743
All players,1,12194,-0.016147,794
All players,1,12419,-0.003207,739
All players,1,12510,-0.010824,1195
All players,1,12553,0.001331,546
All players,1,12603,-0.000827,748
All players,1,13291,-0.002253,577
All players,1,13599,0.004653,373
All players,1,13851,3.7e-05,396
All players,1,15581,-0.013832,1099
All players,1,15731,0.001224,844
All players,1,16028,-0.007154,1539
All players,1,16212,0.002402,406
All players,1,16249,0.003451,1056
All players,1,16438,-0.000313,583
All players,1,16489,0.008845,932
All players,1,16509,0.005719,869
All players,1,16559,0.000792,606
All players,1,16570,-0.004928,1362
All players,1,17592,-0.002408,2626
All players,1,17620,0.00619,1010
All players,1,18242,0.007668,893
All players,1,18395,-0.00456,615
All players,1,18398,0.004292,714
All players,1,18722,0.002239,1055
All players,1,18866,0.010785,685
All players,1,19597,-0.020934,752
All players,1,20055,-0.025407,731
All players,1,20572,-0.000924,2276
All players,1,20734,0.000859,682
All players,1,20750,0.006598,523
All players,1,20827,0.003114,934
All players,1,21081,-0.009407,591
All players,1,21147,0.011433,496
All players,1,21304,0.007313,660
All players,1,21368,-0.000357,1043
All players,1,21397,-0.009925,808
All players,1,21551,-0.0169,902
All players,1,22084,-0.000233,1304
All players,1,22107,0.020948,1143
All players,1,22128,-0.002112,1550
All players,1,22145,-0.004569,344
All players,1,22197,0.007067,997
All players,1,22321,-0.005969,503
All players,1,22452,-0.00147,614
All players,1,22600,-0.007686,1279
All players,1,22809,0.000707,1883
All players,1,22818,0.0033,1117
All players,1,23256,-0.007299,644
All players,1,23322,0.00213,633
All players,1,23522,-0.024184,880
All players,1,23616,-0.011403,347
All players,1,23625,0.016713,1098
All players,1,23730,-0.004603,608
All players,1,23807,0.003918,333
All players,1,23824,0.020613,1151
All players,1,23934,-0.008305,919
All players,1,23943,0.003059,721
All players,1,23950,0.000143,1189
All players,1,23967,-0.007558,587
All players,1,24084,0.000235,946
All players,1,24085,-0.00549,847
All players,1,24086,-0.016497,1033
All players,1,24087,0.003799,600
All players,1,24088,0.015861,936
All players,1,24135,-0.007613,1126
All players,1,24140,-0.008664,602
All players,1,24172,-0.006757,812
All players,1,24211,0.029228,795
All players,1,24212,-0.081765,688
All players,1,24215,0.009977,630
All players,1,24272,-0.00808,1148
All players,1,24322,0.02721,980
All players,1,24443,-0.022658,399
All players,1,24479,-0.020582,672
All players,1,24500,-0.014388,1101
All players,1,24613,0.008571,500
All players,1,24616,-0.020416,1211
All players,1,24778,-0.022714,1225
All players,1,24824,-0.001559,1350
All players,1,24921,0.000631,1361
All players,1,24938,-0.00761,906
All players,1,24940,0.006264,2049
All players,1,24978,-0.024975,1158
All players,1,24995,0.009366,339
All players,1,25104,-0.009553,929
All players,1,25142,9e-06,2076
All players,1,25363,-0.004594,541
All players,1,26368,0.002903,832
All players,1,26404,0.012569,934
All players,1,27158,0.011626,964
All players,1,27768,0.016684,390
All players,1,27773,-0.009515,1135
All players,1,27886,0.010132,1816
All players,1,28104,0.015492,918
All players,1,28263,0.007621,306
All players,1,28666,0.007643,1228
All players,1,29009,-0.000536,919
All players,1,29198,0.016928,761
All players,1,29201,-0.005327,1114
All players,1,29377,-0.009362,692
All players,1,29399,-0.021459,1849
All players,1,29560,-0.003437,1122
All players,1,29976,-0.004118,765
All players,1,30072,0.008763,702
All players,1,30225,-0.007955,743
All players,1,30277,0.00578,930
All players,1,30443,0.003848,622
All players,1,30486,0.009353,1118
All players,1,30491,0.003301,1113
All players,1,30605,0.019389,346
All players,1,30611,0.016625,920
All players,1,31067,0.010859,1912
All players,1,31090,0.007394,789
All players,1,31101,0.01075,595
All players,1,31618,-0.006534,515
All players,1,31751,-0.005919,790
All players,1,31824,-0.026584,467
All players,1,31953,0.004939,2048
All players,1,32185,-8.1e-05,899
All players,1,32478,-0.013302,452
All players,1,32480,-0.001188,1424
All players,1,32587,-0.00467,894
All players,1,33079,-0.005679,1143
All players,1,33231,-0.033983,697
All players,1,33274,-0.017701,714
All players,1,33339,-0.014606,747
All players,1,34167,-0.009359,1187
All players,1,34526,-0.003703,1156
All players,1,34794,0.018317,638
All players,1,35641,-0.004657,609
All players,1,36295,0.007333,1083
All players,1,36350,0.03011,829
All players,1,37004,0.000192,1015
All players,1,37211,-0.005895,580
All players,1,37338,0.066448,459
All players,1,37726,-0.015555,1928
All players,1,38718,-0.011258,1694
All players,1,38905,0.007833,919
All players,1,38992,0.01449,981
All players,1,39161,-0.022852,716
All players,1,39617,0.01046,1608
All players,1,40115,0.000477,950
All players,1,40874,0.025195,512
All players,1,40881,-0.014012,336
All players,1,41083,0.004072,518
All players,1,41115,-0.017903,1120
All players,1,41138,-0.046065,421
All players,1,41157,0.002248,1007
All players,1,41407,-0.031152,1016
All players,1,41437,0.015537,1297
All players,1,41542,-0.004753,1492
All players,1,41543,-0.02001,948
All players,1,42275,-0.031412,1505
All players,1,43728,-0.022836,1731
All players,1,47516,0.000631,833
All players,1,47553,0.007964,522
All players,1,48347,0.021229,967
All players,1,48705,-0.040922,498
All players,1,48941,-0.018716,1596
All players,1,49529,-0.008807,1364
All players,1,50274,0.030148,1206
All players,1,50275,0.013988,713
All players,1,50490,0.002788,737
All players,1,52006,0.007381,413
All players,1,68574,-0.001896,755
All players,1,71519,-0.024397,530
All players,1,76575,0.00799,418
All players,1,82220,-0.023106,337
All players,1,95042,-0.001797,459
All players,1,102371,-0.009908,648
All players,1,133353,0.004463,507
All players,1,133438,-0.017972,518
All players,1,133485,-0.002041,521
All players,1,134092,-0.002914,464
All players,1,137631,-0.005633,796
All players,1,149714,-0.024348,357
All players,2,2954,-0.032776,296
All players,2,3015,-0.035603,369
All players,2,3017,-0.006366,159
All players,2,3023,-0.008679,284
All players,2,3042,-0.013666,116
All players,2,3043,0.001646,248
All players,2,3062,0.013771,152
All players,2,3066,0.004221,230
All players,2,3067,0.001021,181
All players,2,3076,0.031727,122
All players,2,3086,0.011296,369
All players,2,3088,0.001586,285
All players,2,3089,-0.007521,422
All players,2,3093,0.018042,618
All players,2,3167,-0.00386,230
All players,2,3193,-0.016011,513
All players,2,3236,0.002914,447
All players,2,3248,0.029803,144
All players,2,3269,-0.001593,312
All players,2,3272,0.010063,150
All players,2,3273,-0.02364,349
All players,2,3292,-0.000553,160
All players,2,3308,0.019469,508
All players,2,3311,-0.006878,724
All players,2,3313,0.017563,242
All players,2,3323,0.034036,131
All players,2,3328,-0.02218,366
All players,2,3332,0.011116,120
All players,2,3336,0.027458,225
All players,2,3338,-0.046825,323
All players,2,3378,0.001591,239
All players,2,3379,-0.025775,189
All players,2,3382,0.031546,172
All players,2,3404,-0.021942,210
All players,2,3436,0.002681,312
All players,2,3450,-0.011052,136
All players,2,3468,0.016864,252
All players,2,3472,0.006497,114
All players,2,3474,0.038912,195
All players,2,3505,0.004866,117
All players,2,3508,0.047596,202
All players,2,3509,-0.020734,134
All players,2,3531,-0.013274,313
All players,2,3569,-0.006036,155
All players,2,3575,0.016321,190
All players,2,3612,0.030144,142
All players,2,3615,0.019656,258
All players,2,3641,-0.010951,146
All players,2,3647,-0.034841,344
All players,2,3655,0.010946,349
All players,2,3664,-0.010682,231
All players,2,3669,0.008037,683
All players,2,3690,-0.039322,423
All players,2,3702,-0.027615,297
All players,2,3798,-0.01019,224
All players,2,3822,-0.003856,304
All players,2,3864,-0.014576,650
All players,2,3943,0.010725,341
All players,2,3950,0.000829,296
All players,2,3957,0.012499,139
All players,2,3959,-0.028079,188
All players,2,3964,0.001843,597
All players,2,4073,-0.043537,180
All players,2,4111,0.001766,213
All players,2,4127,-0.004564,262
All players,2,4239,-0.001346,153
All players,2,4267,0.01622,247
All players,2,4274,-0.01211,134
All players,2,4355,0.003709,181
All players,2,4385,-0.018382,114
All players,2,4433,-0.014034,239
All players,2,4445,-0.006963,252
All players,2,4546,0.000915,255
All players,2,4588,0.034347,168
All players,2,4614,0.005066,374
All players,2,4625,0.03634,113
All players,2,4626,-0.009913,259
All players,2,4718,0.006835,285
All players,2,4734,-0.00685,220
All players,2,4781,0.01716,240
All players,2,4785,-0.012513,139
All players,2,4870,-0.006262,200
All players,2,4897,0.026079,203
All players,2,4926,0.002685,542
All players,2,4935,0.004026,317
All players,2,5109,0.018567,164
All players,2,5199,-0.013592,538
All players,2,5200,-0.002747,407
All players,2,5204,-0.043586,516
All players,2,5206,-0.011212,845
All players,2,5214,-0.039974,183
All players,2,5217,-0.005672,167
All players,2,5259,-0.014905,326
All players,2,5260,0.005005,197
All players,2,5456,-0.000702,536
All players,2,5463,-0.021623,700
All players,2,5487,-0.000806,264
All players,2,5523,-0.00215,324
All players,2,5537,0.000719,726
All players,2,5539,-0.017484,265
All players,2,5547,0.02393,237
All players,2,5549,0.004692,343
All players,2,5567,-0.008279,183
All players,2,5568,0.019711,187
All players,2,5678,0.009444,296
All players,2,5691,0.017192,465
All players,2,5719,0.008729,193
All players,2,6374,-0.002031,304
All players,2,6378,0.030761,155
All players,2,6381,0.012923,199
All players,2,6383,-0.011917,439
All players,2,6395,-0.03644,186
All players,2,6409,-0.017939,228
All players,2,6564,0.003384,279
All players,2,6582,0.061503,104
All players,2,6587,0.006791,105
All players,2,6595,-0.002237,325
All players,2,6596,0.015038,301
All players,2,6609,0.001305,116
All players,2,6616,0.008341,105
All players,2,6625,-0.071349,191
All players,2,6634,-0.015971,144
All players,2,6635,0.01894,378
All players,2,6649,0.031454,131
All players,2,6665,0.004762,475
All players,2,6670,-0.023313,180
All players,2,6676,0.001786,305
All players,2,6679,0.022398,404
All players,2,6685,0.00675,164
All players,2,6687,6e-06,335
All players,2,6697,-0.010281,375
All players,2,6698,-0.034274,161
All players,2,6701,0.015763,373
All players,2,6711,0.005578,195
All players,2,6713,0.012036,113
All players,2,6720,-0.020711,145
All players,2,6722,-0.00078,162
All players,2,6737,0.025776,146
All players,2,6754,-0.000525,422
All players,2,6764,-0.004213,359
All players,2,6773,0.00511,570
All players,2,6799,0.021338,214
All players,2,6826,-0.001279,392
All players,2,6834,0.034061,151
All players,2,6840,-0.027634,558
All players,2,6846,-0.0061,183
All players,2,6851,-0.008928,257
All players,2,6863,0.035592,214
All players,2,6877,-0.008122,173
All players,2,6892,0.009146,216
All players,2,6895,0.002671,261
All players,2,6909,0.01571,220
All players,2,6910,0.031123,343
All players,2,6989,-0.01783,186
All players,2,7022,0.003739,240
All players,2,7066,0.022074,202
All players,2,7097,-0.007349,365
All players,2,7294,0.029814,136
All players,2,7478,-0.004377,211
All players,2,7797,-0.012471,438
All players,2,7843,-0.003783,144
All players,2,8063,-0.007989,137
All players,2,8064,0.009029,132
All players,2,8118,0.008009,478
All players,2,8220,0.005798,129
All players,2,8247,-0.034041,604
All players,2,8252,-0.002769,438
All players,2,8489,0.006267,188
All players,2,8819,0.013958,204
All players,2,8854,0.008138,416
All players,2,9000,-0.011187,181
All players,2,9026,-0.008081,370
All players,2,9286,-0.007602,252
All players,2,9550,0.001564,263
All players,2,9601,-0.006046,193
All players,2,9616,-0.024041,155
All players,2,9640,0.001537,230
All players,2,9650,0.008628,221
All players,2,9676,0.008919,313
All players,2,9748,-0.009158,190
All players,2,9843,-0.030609,238
All players,2,9905,-0.003526,146
All players,2,9925,0.016602,276
All players,2,9928,-0.003327,460
All players,2,9934,0.001122,360
All players,2,9974,0.0189,116
All players,2,10002,-0.008235,422
All players,2,10282,-0.013828,209
All players,2,10284,0.012208,149
All players,2,10287,0.003042,487
All players,2,10481,-0.023959,539
All players,2,10483,-0.017666,209
All players,2,10532,0.003586,114
All players,2,10540,0.005115,109
All players,2,10595,-0.003046,305
All players,2,11135,0.011688,447
All players,2,11292,0.006224,218
All players,2,11293,-0.007025,190
All players,2,11333,-0.01736,141
All players,2,11384,-0.008599,123
All players,2,11389,-0.003536,389
All players,2,11390,0.024299,193
All players,2,11492,0.001222,209
All players,2,11539,0.032247,123
All players,2,11746,-0.007127,400
All players,2,11748,-0.005532,214
All players,2,12111,-0.012779,363
All players,2,12149,-0.023277,153
All players,2,12192,0.010005,264
All players,2,12194,-0.010481,328
All players,2,12306,0.015227,220
All players,2,12419,0.012773,277
All players,2,12423,-0.011962,127
All players,2,12425,-0.007699,237
All players,2,12751,-0.00779,383
All players,2,13291,-0.016036,259
All players,2,13599,0.015488,336
All players,2,15581,0.001086,277
All players,2,16026,-0.03993,281
All players,2,16028,-0.003384,204
All players,2,16249,0.002226,270
All players,2,16489,-0.012229,234
All players,2,16509,-0.008715,266
All players,2,16553,0.016041,373
All players,2,16555,-0.023064,182
All players,2,16559,-0.000631,246
All players,2,16570,-0.002077,199
All players,2,17033,-0.04497,190
All players,2,17592,-0.004277,608
All players,2,17620,0.023922,367
All players,2,18395,-0.020801,240
All players,2,18398,-0.000487,313
All players,2,18753,-0.021158,346
All players,2,18866,-0.010487,145
All players,2,20572,0.005267,224
All players,2,20750,-0.006513,172
All players,2,20827,-0.0019,278
All players,2,20966,0.010414,113
All players,2,20987,0.029298,444
All players,2,21026,-0.042789,269
All players,2,21081,0.014901,412
All players,2,21147,-0.058188,100
All players,2,21209,-0.001674,261
All players,2,21225,0.005496,151
All players,2,21551,0.015457,112
All players,2,22084,-0.001837,150
All players,2,22128,-0.009746,499
All players,2,22145,0.014483,151
All players,2,22199,0.000732,306
All players,2,22287,0.012452,310
All players,2,22321,-0.008247,168
All players,2,22452,-0.001773,311
All players,2,22600,0.002849,452
All players,2,22783,0.056343,185
All players,2,22809,-0.002734,259
All players,2,23230,0.009574,439
All players,2,23256,-0.017878,259
All players,2,23322,0.000954,320
All players,2,23625,0.013312,348
All players,2,23650,-0.012604,201
All players,2,23721,-0.040408,101
All players,2,23807,0.008341,220
All players,2,23824,0.011084,214
All players,2,23943,0.011246,316
All players,2,24049,-0.01263,254
All players,2,24078,0.022947,264
All players,2,24084,0.005642,442
All players,2,24085,0.00144,320
All players,2,24086,-0.020864,522
All players,2,24088,0.001867,182
All players,2,24135,-0.022478,194
All players,2,24167,-0.057198,178
All players,2,24172,-0.02545,205
All players,2,24211,0.003384,196
All players,2,24212,-0.094905,349
All players,2,24236,-0.003974,251
All players,2,24272,-0.001414,379
All players,2,24443,-0.02893,358
All players,2,24500,-0.009037,322
All players,2,24616,-0.019911,259
All players,2,24778,-0.014867,163
All players,2,24824,0.003924,432
All players,2,24921,0.011772,408
All players,2,24938,-0.01006,145
All players,2,24940,0.000813,449
All players,2,24978,-0.009624,376
All players,2,25000,-0.025626,297
All players,2,25104,0.006433,146
All players,2,25142,-0.016806,565
All players,2,25363,-0.009471,434
All players,2,25653,-0.009555,278
All players,2,26404,0.010066,109
All players,2,27158,-0.008719,195
All players,2,27423,0.023265,287
All players,2,27773,-0.016607,144
All players,2,27886,-0.00422,303
All players,2,28104,-0.004395,218
All players,2,28653,-0.040629,445
All players,2,28672,0.002991,266
All players,2,29009,-0.065916,235
All players,2,29012,-0.007838,241
All players,2,29201,0.005224,231
All players,2,29377,0.006919,103
All players,2,29399,0.005194,225
All players,2,29560,0.049113,316
All players,2,29976,0.013061,195
All players,2,30054,-0.003628,194
All players,2,30277,-0.017384,135
All players,2,30443,-0.011827,110
All players,2,30486,-0.014135,809
All players,2,30491,-0.007783,313
All players,2,30605,0.001324,267
All players,2,30611,0.019723,208
All players,2,30691,0.000621,313
All players,2,30714,-0.01517,333
All players,2,31090,-0.003807,326
All players,2,31225,0.00457,182
All players,2,31506,0.008986,185
All players,2,31618,0.006211,155
All players,2,31751,-0.005196,457
All players,2,31953,-0.012101,489
All players,2,32122,-0.029857,330
All players,2,32185,0.014663,301
All players,2,32262,-0.013934,343
All players,2,32480,0.012058,279
All players,2,32547,0.018893,110
All players,2,32673,0.000231,161
All players,2,32762,0.01261,299
All players,2,32928,0.012921,322
All players,2,33018,0.016972,682
All players,2,33231,-0.049142,415
All players,2,33339,-0.050987,297
All players,2,34167,0.002014,371
All players,2,34526,0.017699,294
All players,2,34794,0.007399,348
All players,2,35769,0.032722,282
All players,2,37004,0.001876,413
All players,2,37274,-0.012252,215
All players,2,37726,-0.000127,435
All players,2,38718,-0.030697,405
All players,2,38726,-0.041797,490
All players,2,38753,0.079555,219
All players,2,38804,0.000378,186
All players,2,38992,-0.017199,438
All players,2,38997,-0.003159,268
All players,2,39073,0.055346,276
All players,2,39136,0.006303,397
All players,2,39161,-0.041416,209
All players,2,39241,-0.006002,534
All players,2,39260,0.005058,206
All players,2,39361,-0.006893,249
All players,2,39461,-0.009047,302
All players,2,39540,-0.009908,452
All players,2,39617,0.008155,214
All players,2,40115,-0.007331,340
All players,2,40209,-0.096669,225
All players,2,40874,-0.011356,448
All players,2,40908,-0.000242,147
All players,2,41084,-0.023592,256
All players,2,41115,-0.001282,197
All players,2,41124,0.009789,199
All players,2,41157,-0.010454,155
All players,2,41266,-0.058921,204
All players,2,41437,-0.004576,213
All players,2,41542,-0.000908,417
All players,2,41543,0.017699,128
All players,2,42275,-0.021488,284
All players,2,42747,0.016042,355
All players,2,43728,0.021545,580
All players,2,43779,-0.001374,432
All players,2,44166,0.025435,468
All players,2,47112,0.000787,161
All players,2,47516,0.013682,482
All players,2,47653,-0.006349,311
All players,2,48347,0.029975,248
All players,2,48705,-0.017192,201
All players,2,48710,-0.028269,121
All players,2,48720,-0.00873,403
All players,2,48941,-0.005726,514
All players,2,49303,-0.001123,468
All players,2,49529,-0.004298,199
All players,2,49702,0.017433,442
All players,2,50275,0.009816,389
All players,2,50490,-0.003648,249
All players,2,50494,0.003553,232
All players,2,50498,0.000282,162
All players,2,50991,-0.007614,226
All players,2,52006,0.087488,199
All players,2,52129,-0.058145,244
All players,2,57939,0.001348,144
All players,2,71519,-0.011284,246
All players,2,75546,-0.001732,329
All players,2,76575,-0.012886,186
All players,2,77723,-0.00918,168
All players,2,82674,0.031522,116
All players,2,89635,-0.006146,393
All players,2,91951,0.018868,134
All players,2,95042,0.027566,145
All players,2,99174,-0.008731,153
All players,2,102371,-0.00752,223
All players,2,105392,0.017056,111
All players,2,114974,0.034025,149
All players,2,132545,0.015759,383
All players,2,133353,0.00018,447
All players,2,133438,0.011216,329
All players,2,133485,0.010187,368
All players,2,134092,0.011992,182
All players,2,137631,0.004249,427
All players,2,140353,0.005268,512
All players,2,140556,-0.014814,367
All players,2,143864,0.029614,284
All players,2,147095,-0.040449,116
All players,2,149714,-0.003018,132
All players,2,151924,-0.003702,119
All players,2,155312,0.024119,273
All players,2,165149,-0.004626,127
All players,2,183761,-0.002891,414
All players,2,226169,0.01261,356
All players,2,271487,0.003994,375
All players,2,296220,-0.001125,256
All players,2,316046,0.009642,427
All players,2,320601,0.00832,374
All players,2,324618,-0.001345,118
All players,2,345800,0.00978,227
Changed team,1,2954,0.003416,852
Changed team,1,3015,-0.026072,1150
Changed team,1,3236,-0.050763,906
Changed team,1,3265,0.031921,333
Changed team,1,3272,0.007256,752
Changed team,1,3313,0.013828,457
Changed team,1,3328,0.009911,1488
Changed team,1,3473,-0.000653,503
Changed team,1,3612,-0.028894,843
Changed team,1,3647,-0.006648,989
Changed team,1,3687,-0.019991,417
Changed team,1,3943,0.006331,2096
Changed team,1,3957,0.002006,909
Changed team,1,4073,0.027456,311
Changed team,1,4127,0.026863,784
Changed team,1,4926,-0.009216,1361
Changed team,1,5456,0.011892,1417
Changed team,1,5678,-0.002618,1137
Changed team,1,5691,0.001857,1039
Changed team,1,6395,0.003684,329
Changed team,1,6582,-0.001235,308
Changed team,1,6587,0.008313,674
Changed team,1,6616,0.011432,708
Changed team,1,6625,0.019631,524
Changed team,1,6665,0.005084,1020
Changed team,1,6670,-0.011794,1146
Changed team,1,6764,-0.003053,830
Changed team,1,6826,0.01954,810
Changed team,1,6834,-0.024133,1338
Changed team,1,6866,0.035854,1093
Changed team,1,6892,0.004198,1519
Changed team,1,6895,0.004543,1287
Changed team,1,6989,-0.007114,1329
Changed team,1,7005,-0.012421,1627
Changed team,1,7024,-0.018516,724
Changed team,1,7064,0.013869,555
Changed team,1,8063,0.005875,385
Changed team,1,8966,-0.017635,869
Changed team,1,9616,-0.010876,560
Changed team,1,9843,-0.002808,430
Changed team,1,9905,-0.007359,1351
Changed team,1,9925,0.000102,581
Changed team,1,10287,0.001441,2317
Changed team,1,10540,0.007482,784
Changed team,1,11012,0.008684,738
Changed team,1,11538,-0.023224,418
Changed team,1,12041,0.013016,610
Changed team,1,12194,-0.016147,794
Changed team,1,16212,0.002402,406
Changed team,1,16559,0.000792,606
Changed team,1,18398,0.004292,714
Changed team,1,21304,0.007313,660
Changed team,1,23322,0.00213,633
Changed team,1,23824,0.020613,1151
Changed team,1,24087,0.003799,600
Changed team,1,24212,-0.081765,688
Changed team,1,24500,-0.014388,1101
Changed team,1,24616,-0.020416,1211
Changed team,1,24824,-0.001559,1350
Changed team,1,24978,-0.024975,1158
Changed team,1,26368,0.002903,832
Changed team,1,27886,0.010132,1816
Changed team,1,28104,0.015492,918
Changed team,1,28263,0.007621,306
Changed team,1,29377,-0.009362,692
Changed team,1,30611,0.016625,920
Changed team,1,31101,0.01075,595
Changed team,1,31953,0.004939,2048
Changed team,1,32587,-0.00467,894
Changed team,1,33079,-0.005679,1143
Changed team,1,33339,-0.014606,747
Changed team,1,37004,0.000192,1015
Changed team,1,37726,-0.015555,1928
Changed team,1,38992,0.01449,981
Changed team,1,40874,0.025195,512
Changed team,1,40881,-0.014012,336
Changed team,1,41138,-0.046065,421
Changed team,1,47516,0.000631,833
Changed team,1,133438,-0.017972,518
Changed team,1,134092,-0.002914,464
Changed team,1,149714,-0.024348,357
Changed team,2,3015,-0.035603,369
Changed team,2,3042,-0.013666,116
Changed team,2,3076,0.031727,122
Changed team,2,3272,0.010063,150
Changed team,2,3313,0.017563,242
Changed team,2,3332,0.011116,120
Changed team,2,3450,-0.011052,136
Changed team,2,3690,-0.039322,423
Changed team,2,3950,0.000829,296
Changed team,2,3964,0.001843,597
Changed team,2,4897,0.026079,203
Changed team,2,5523,-0.00215,324
Changed team,2,5691,0.017192,465
Changed team,2,5719,0.008729,193
Changed team,2,6381,0.012923,199
Changed team,2,6395,-0.03644,186
Changed team,2,6616,0.008341,105
Changed team,2,6670,-0.023313,180
Changed team,2,6698,-0.034274,161
Changed team,2,6701,0.015763,373
Changed team,2,6713,0.012036,113
Changed team,2,6826,-0.001279,392
Changed team,2,6834,0.034061,151
Changed team,2,8247,-0.034041,604
Changed team,2,9650,0.008628,221
Changed team,2,9928,-0.003327,460
Changed team,2,10002,-0.008235,422
Changed team,2,10282,-0.013828,209
Changed team,2,10287,0.003042,487
Changed team,2,10540,0.005115,109
Changed team,2,11539,0.032247,123
Changed team,2,12149,-0.023277,153
Changed team,2,12423,-0.011962,127
Changed team,2,13599,0.015488,336
Changed team,2,16553,0.016041,373
Changed team,2,16555,-0.023064,182
Changed team,2,18753,-0.021158,346
Changed team,2,20966,0.010414,113
Changed team,2,21026,-0.042789,269
Changed team,2,22128,-0.009746,499
Changed team,2,22145,0.014483,151
Changed team,2,22199,0.000732,306
Changed team,2,22783,0.056343,185
Changed team,2,23256,-0.017878,259
Changed team,2,23322,0.000954,320
Changed team,2,24049,-0.01263,254
Changed team,2,24500,-0.009037,322
Changed team,2,24940,0.000813,449
Changed team,2,25363,-0.009471,434
Changed team,2,25653,-0.009555,278
Changed team,2,26404,0.010066,109
Changed team,2,29012,-0.007838,241
Changed team,2,29399,0.005194,225
Changed team,2,29560,0.049113,316
Changed team,2,31953,-0.012101,489
Changed team,2,33339,-0.050987,297
Changed team,2,35769,0.032722,282
Changed team,2,38804,0.000378,186
Changed team,2,38997,-0.003159,268
Changed team,2,39073,0.055346,276
Changed team,2,41124,0.009789,199
Changed team,2,41543,0.017699,128
Changed team,2,42747,0.016042,355
Changed team,2,47112,0.000787,161
Changed team,2,48347,0.029975,248
Changed team,2,49702,0.017433,442
Changed team,2,50490,-0.003648,249
Changed team,2,52006,0.087488,199
Changed team,2,133438,0.011216,329
Changed team,2,151924,-0.003702,119
Changed team,2,165149,-0.004626,127
